
Circuit 1 cell pfet_03v3 and Circuit 2 cell pfet_03v3 are black boxes.
Warning: Equate pins:  cell pfet_03v3 is a placeholder, treated as a black box.
Warning: Equate pins:  cell pfet_03v3 is a placeholder, treated as a black box.

Subcircuit pins:
Circuit 1: pfet_03v3                       |Circuit 2: pfet_03v3                       
-------------------------------------------|-------------------------------------------
1                                          |1                                          
2                                          |2                                          
3                                          |3                                          
4                                          |4                                          
---------------------------------------------------------------------------------------
Cell pin lists are equivalent.
Device classes pfet_03v3 and pfet_03v3 are equivalent.

Circuit 1 cell nfet_03v3 and Circuit 2 cell nfet_03v3 are black boxes.
Warning: Equate pins:  cell nfet_03v3 is a placeholder, treated as a black box.
Warning: Equate pins:  cell nfet_03v3 is a placeholder, treated as a black box.

Subcircuit pins:
Circuit 1: nfet_03v3                       |Circuit 2: nfet_03v3                       
-------------------------------------------|-------------------------------------------
1                                          |1                                          
2                                          |2                                          
3                                          |3                                          
4                                          |4                                          
---------------------------------------------------------------------------------------
Cell pin lists are equivalent.
Device classes nfet_03v3 and nfet_03v3 are equivalent.

Circuit 1 cell cap_mim_2f0_m4m5_noshield and Circuit 2 cell cap_mim_2f0_m4m5_noshield are black boxes.
Warning: Equate pins:  cell cap_mim_2f0_m4m5_noshield is a placeholder, treated as a black box.
Warning: Equate pins:  cell cap_mim_2f0_m4m5_noshield is a placeholder, treated as a black box.

Subcircuit pins:
Circuit 1: cap_mim_2f0_m4m5_noshield       |Circuit 2: cap_mim_2f0_m4m5_noshield       
-------------------------------------------|-------------------------------------------
1                                          |1                                          
2                                          |2                                          
---------------------------------------------------------------------------------------
Cell pin lists are equivalent.
Device classes cap_mim_2f0_m4m5_noshield and cap_mim_2f0_m4m5_noshield are equivalent.

Circuit 1 cell cap_mim_2f0_m4m5_noshield and Circuit 2 cell cap_mim_2f0fF are black boxes.
Warning: Equate pins:  cell cap_mim_2f0_m4m5_noshield is a placeholder, treated as a black box.
Warning: Equate pins:  cell cap_mim_2f0fF is a placeholder, treated as a black box.

Subcircuit pins:
Circuit 1: cap_mim_2f0_m4m5_noshield       |Circuit 2: cap_mim_2f0fF                   
-------------------------------------------|-------------------------------------------
1                                          |1                                          
2                                          |2                                          
---------------------------------------------------------------------------------------
Cell pin lists are equivalent.
Device classes cap_mim_2f0_m4m5_noshield and cap_mim_2f0fF are equivalent.

Subcircuit summary:
Circuit 1: xm5                             |Circuit 2: xm5                             
-------------------------------------------|-------------------------------------------
pfet_03v3 (1)                              |pfet_03v3 (1)                              
(no matching element)                      |c (10)                                     
Number of devices: 1 **Mismatch**          |Number of devices: 11 **Mismatch**         
Number of nets: 4 **Mismatch**             |Number of nets: 5 **Mismatch**             
---------------------------------------------------------------------------------------
NET mismatches: Class fragments follow (with fanout counts):
Circuit 1: xm5                             |Circuit 2: xm5                             

---------------------------------------------------------------------------------------
Net: a_1500_n131#                          |Net: a_1500_n131#                          
  pfet_03v3/(1|3) = 1                      |  pfet_03v3/(1|3) = 1                      
                                           |  c/top = 2                                
                                           |  c/bottom = 2                             
                                           |                                           
Net: a_n1620_n131#                         |Net: a_n1620_n131#                         
  pfet_03v3/(1|3) = 1                      |  pfet_03v3/(1|3) = 1                      
                                           |  c/bottom = 3                             
                                           |  c/top = 1                                
                                           |                                           
Net: a_n1500_n339#                         |Net: a_n1500_n339#                         
  pfet_03v3/2 = 1                          |  pfet_03v3/2 = 1                          
                                           |  c/bottom = 1                             
                                           |  c/top = 3                                
                                           |                                           
Net: w_n1886_n560#                         |Net: w_n1886_n560#                         
  pfet_03v3/4 = 1                          |  pfet_03v3/4 = 1                          
                                           |  c/top = 4                                
                                           |                                           
(no matching net)                          |Net: VSUBS                                 
                                           |  c/bottom = 4                             
---------------------------------------------------------------------------------------
DEVICE mismatches: Class fragments follow (with node fanout counts):
Circuit 1: xm5                             |Circuit 2: xm5                             

---------------------------------------------------------------------------------------
(no matching instance)                     |Instance: c:0                              
                                           |  top = 5                                  
                                           |  bottom = 5                               
                                           |                                           
(no matching instance)                     |Instance: c:1                              
                                           |  top = 5                                  
                                           |  bottom = 5                               
                                           |                                           
(no matching instance)                     |Instance: c:2                              
                                           |  top = 5                                  
                                           |  bottom = 5                               
                                           |                                           
(no matching instance)                     |Instance: c:3                              
                                           |  top = 5                                  
                                           |  bottom = 5                               
                                           |                                           
(no matching instance)                     |Instance: c:4                              
                                           |  top = 5                                  
                                           |  bottom = 5                               
                                           |                                           
(no matching instance)                     |Instance: c:5                              
                                           |  top = 5                                  
                                           |  bottom = 5                               
                                           |                                           
(no matching instance)                     |Instance: c:6                              
                                           |  top = 5                                  
                                           |  bottom = 4                               
                                           |                                           
(no matching instance)                     |Instance: c:7                              
                                           |  top = 5                                  
                                           |  bottom = 4                               
                                           |                                           
(no matching instance)                     |Instance: c:8                              
                                           |  top = 5                                  
                                           |  bottom = 4                               
                                           |                                           
(no matching instance)                     |Instance: c:9                              
                                           |  top = 5                                  
                                           |  bottom = 4                               
---------------------------------------------------------------------------------------
Netlists do not match.
Port matching may fail to disambiguate symmetries.
  Flattening non-matched subcircuits xm5 xm5

Subcircuit summary:
Circuit 1: xm3                             |Circuit 2: xm3                             
-------------------------------------------|-------------------------------------------
nfet_03v3 (1)                              |nfet_03v3 (1)                              
(no matching element)                      |c (6)                                      
Number of devices: 1 **Mismatch**          |Number of devices: 7 **Mismatch**          
Number of nets: 4                          |Number of nets: 4                          
---------------------------------------------------------------------------------------
NET mismatches: Class fragments follow (with fanout counts):
Circuit 1: xm3                             |Circuit 2: xm3                             

---------------------------------------------------------------------------------------
Net: a_63_n131#                            |Net: a_63_n131#                            
  nfet_03v3/(1|3) = 1                      |  nfet_03v3/(1|3) = 1                      
                                           |  c/bottom = 2                             
                                           |  c/top = 1                                
                                           |                                           
Net: a_n63_n339#                           |Net: a_n63_n339#                           
  nfet_03v3/2 = 1                          |  nfet_03v3/2 = 1                          
                                           |  c/top = 3                                
                                           |                                           
Net: a_n183_n131#                          |Net: a_n183_n131#                          
  nfet_03v3/(1|3) = 1                      |  nfet_03v3/(1|3) = 1                      
                                           |  c/bottom = 1                             
                                           |  c/top = 2                                
                                           |                                           
Net: a_n393_n504#                          |Net: a_n393_n504#                          
  nfet_03v3/4 = 1                          |  nfet_03v3/4 = 1                          
                                           |  c/bottom = 3                             
---------------------------------------------------------------------------------------
DEVICE mismatches: Class fragments follow (with node fanout counts):
Circuit 1: xm3                             |Circuit 2: xm3                             

---------------------------------------------------------------------------------------
(no matching instance)                     |Instance: c:0                              
                                           |  top = 4                                  
                                           |  bottom = 4                               
                                           |                                           
(no matching instance)                     |Instance: c:1                              
                                           |  top = 4                                  
                                           |  bottom = 4                               
                                           |                                           
(no matching instance)                     |Instance: c:2                              
                                           |  top = 4                                  
                                           |  bottom = 4                               
                                           |                                           
(no matching instance)                     |Instance: c:3                              
                                           |  top = 4                                  
                                           |  bottom = 4                               
                                           |                                           
(no matching instance)                     |Instance: c:4                              
                                           |  top = 4                                  
                                           |  bottom = 4                               
                                           |                                           
(no matching instance)                     |Instance: c:5                              
                                           |  top = 4                                  
                                           |  bottom = 4                               
---------------------------------------------------------------------------------------
Netlists do not match.
Port matching may fail to disambiguate symmetries.
  Flattening non-matched subcircuits xm3 xm3

Subcircuit summary:
Circuit 1: xm1                             |Circuit 2: xm1                             
-------------------------------------------|-------------------------------------------
pfet_03v3 (1)                              |pfet_03v3 (1)                              
(no matching element)                      |c (10)                                     
Number of devices: 1 **Mismatch**          |Number of devices: 11 **Mismatch**         
Number of nets: 4 **Mismatch**             |Number of nets: 5 **Mismatch**             
---------------------------------------------------------------------------------------
NET mismatches: Class fragments follow (with fanout counts):
Circuit 1: xm1                             |Circuit 2: xm1                             

---------------------------------------------------------------------------------------
Net: a_63_n131#                            |Net: a_63_n131#                            
  pfet_03v3/(1|3) = 1                      |  pfet_03v3/(1|3) = 1                      
                                           |  c/top = 2                                
                                           |  c/bottom = 2                             
                                           |                                           
Net: a_n183_n131#                          |Net: a_n183_n131#                          
  pfet_03v3/(1|3) = 1                      |  pfet_03v3/(1|3) = 1                      
                                           |  c/bottom = 3                             
                                           |  c/top = 1                                
                                           |                                           
Net: a_n63_n339#                           |Net: a_n63_n339#                           
  pfet_03v3/2 = 1                          |  pfet_03v3/2 = 1                          
                                           |  c/bottom = 1                             
                                           |  c/top = 3                                
                                           |                                           
Net: w_n449_n560#                          |Net: w_n449_n560#                          
  pfet_03v3/4 = 1                          |  pfet_03v3/4 = 1                          
                                           |  c/top = 4                                
                                           |                                           
(no matching net)                          |Net: VSUBS                                 
                                           |  c/bottom = 4                             
---------------------------------------------------------------------------------------
DEVICE mismatches: Class fragments follow (with node fanout counts):
Circuit 1: xm1                             |Circuit 2: xm1                             

---------------------------------------------------------------------------------------
(no matching instance)                     |Instance: c:0                              
                                           |  top = 5                                  
                                           |  bottom = 5                               
                                           |                                           
(no matching instance)                     |Instance: c:1                              
                                           |  top = 5                                  
                                           |  bottom = 5                               
                                           |                                           
(no matching instance)                     |Instance: c:2                              
                                           |  top = 5                                  
                                           |  bottom = 5                               
                                           |                                           
(no matching instance)                     |Instance: c:3                              
                                           |  top = 5                                  
                                           |  bottom = 5                               
                                           |                                           
(no matching instance)                     |Instance: c:4                              
                                           |  top = 5                                  
                                           |  bottom = 5                               
                                           |                                           
(no matching instance)                     |Instance: c:5                              
                                           |  top = 5                                  
                                           |  bottom = 5                               
                                           |                                           
(no matching instance)                     |Instance: c:6                              
                                           |  top = 5                                  
                                           |  bottom = 4                               
                                           |                                           
(no matching instance)                     |Instance: c:7                              
                                           |  top = 5                                  
                                           |  bottom = 4                               
                                           |                                           
(no matching instance)                     |Instance: c:8                              
                                           |  top = 5                                  
                                           |  bottom = 4                               
                                           |                                           
(no matching instance)                     |Instance: c:9                              
                                           |  top = 5                                  
                                           |  bottom = 4                               
---------------------------------------------------------------------------------------
Netlists do not match.
Port matching may fail to disambiguate symmetries.
  Flattening non-matched subcircuits xm1 xm1

Subcircuit summary:
Circuit 1: xmcm_chain_4                    |Circuit 2: xmcm_chain_4                    
-------------------------------------------|-------------------------------------------
nfet_03v3 (1)                              |nfet_03v3 (1)                              
(no matching element)                      |c (6)                                      
Number of devices: 1 **Mismatch**          |Number of devices: 7 **Mismatch**          
Number of nets: 4                          |Number of nets: 4                          
---------------------------------------------------------------------------------------
NET mismatches: Class fragments follow (with fanout counts):
Circuit 1: xmcm_chain_4                    |Circuit 2: xmcm_chain_4                    

---------------------------------------------------------------------------------------
Net: a_1000_n131#                          |Net: a_1000_n131#                          
  nfet_03v3/(1|3) = 1                      |  nfet_03v3/(1|3) = 1                      
                                           |  c/bottom = 2                             
                                           |  c/top = 1                                
                                           |                                           
Net: a_n1000_n339#                         |Net: a_n1000_n339#                         
  nfet_03v3/2 = 1                          |  nfet_03v3/2 = 1                          
                                           |  c/top = 3                                
                                           |                                           
Net: a_n1120_n131#                         |Net: a_n1120_n131#                         
  nfet_03v3/(1|3) = 1                      |  nfet_03v3/(1|3) = 1                      
                                           |  c/bottom = 1                             
                                           |  c/top = 2                                
                                           |                                           
Net: a_n1330_n504#                         |Net: a_n1330_n504#                         
  nfet_03v3/4 = 1                          |  nfet_03v3/4 = 1                          
                                           |  c/bottom = 3                             
---------------------------------------------------------------------------------------
DEVICE mismatches: Class fragments follow (with node fanout counts):
Circuit 1: xmcm_chain_4                    |Circuit 2: xmcm_chain_4                    

---------------------------------------------------------------------------------------
(no matching instance)                     |Instance: c:0                              
                                           |  top = 4                                  
                                           |  bottom = 4                               
                                           |                                           
(no matching instance)                     |Instance: c:1                              
                                           |  top = 4                                  
                                           |  bottom = 4                               
                                           |                                           
(no matching instance)                     |Instance: c:2                              
                                           |  top = 4                                  
                                           |  bottom = 4                               
                                           |                                           
(no matching instance)                     |Instance: c:3                              
                                           |  top = 4                                  
                                           |  bottom = 4                               
                                           |                                           
(no matching instance)                     |Instance: c:4                              
                                           |  top = 4                                  
                                           |  bottom = 4                               
                                           |                                           
(no matching instance)                     |Instance: c:5                              
                                           |  top = 4                                  
                                           |  bottom = 4                               
---------------------------------------------------------------------------------------
Netlists do not match.
Port matching may fail to disambiguate symmetries.
  Flattening non-matched subcircuits xmcm_chain_4 xmcm_chain_4

Class cpot (0):  Merged 1 parallel devices.
Class cpot (1):  Merged 1 parallel devices.
Subcircuit summary:
Circuit 1: cpot                            |Circuit 2: cpot                            
-------------------------------------------|-------------------------------------------
cap_mim_2f0_m4m5_noshield (2->1)           |cap_mim_2f0_m4m5_noshield (2->1)           
(no matching element)                      |c (3)                                      
Number of devices: 1 **Mismatch**          |Number of devices: 4 **Mismatch**          
Number of nets: 2 **Mismatch**             |Number of nets: 3 **Mismatch**             
---------------------------------------------------------------------------------------
NET mismatches: Class fragments follow (with fanout counts):
Circuit 1: cpot                            |Circuit 2: cpot                            

---------------------------------------------------------------------------------------
Net: m4_n500_n500#                         |Net: m4_n500_n500#                         
  cap_mim_2f0_m4m5_noshield/1 = 1          |  cap_mim_2f0_m4m5_noshield/1 = 1          
                                           |  c/bottom = 1                             
                                           |  c/top = 1                                
                                           |                                           
Net: m4_n700_n700#                         |Net: m4_n700_n700#                         
  cap_mim_2f0_m4m5_noshield/2 = 1          |  cap_mim_2f0_m4m5_noshield/2 = 1          
                                           |  c/top = 2                                
                                           |                                           
(no matching net)                          |Net: VSUBS                                 
                                           |  c/bottom = 2                             
---------------------------------------------------------------------------------------
DEVICE mismatches: Class fragments follow (with node fanout counts):
Circuit 1: cpot                            |Circuit 2: cpot                            

---------------------------------------------------------------------------------------
(no matching instance)                     |Instance: c:0                              
                                           |  top = 3                                  
                                           |  bottom = 3                               
                                           |                                           
(no matching instance)                     |Instance: c:1                              
                                           |  top = 3                                  
                                           |  bottom = 2                               
                                           |                                           
(no matching instance)                     |Instance: c:2                              
                                           |  top = 3                                  
                                           |  bottom = 2                               
---------------------------------------------------------------------------------------
Netlists do not match.
Port matching may fail to disambiguate symmetries.
  Flattening non-matched subcircuits cpot cpot

Subcircuit summary:
Circuit 1: xm8                             |Circuit 2: xm8                             
-------------------------------------------|-------------------------------------------
pfet_03v3 (1)                              |pfet_03v3 (1)                              
(no matching element)                      |c (10)                                     
Number of devices: 1 **Mismatch**          |Number of devices: 11 **Mismatch**         
Number of nets: 4 **Mismatch**             |Number of nets: 5 **Mismatch**             
---------------------------------------------------------------------------------------
NET mismatches: Class fragments follow (with fanout counts):
Circuit 1: xm8                             |Circuit 2: xm8                             

---------------------------------------------------------------------------------------
Net: a_63_n131#                            |Net: a_63_n131#                            
  pfet_03v3/(1|3) = 1                      |  pfet_03v3/(1|3) = 1                      
                                           |  c/top = 2                                
                                           |  c/bottom = 2                             
                                           |                                           
Net: a_n183_n131#                          |Net: a_n183_n131#                          
  pfet_03v3/(1|3) = 1                      |  pfet_03v3/(1|3) = 1                      
                                           |  c/bottom = 3                             
                                           |  c/top = 1                                
                                           |                                           
Net: a_n63_n339#                           |Net: a_n63_n339#                           
  pfet_03v3/2 = 1                          |  pfet_03v3/2 = 1                          
                                           |  c/bottom = 1                             
                                           |  c/top = 3                                
                                           |                                           
Net: w_n449_n560#                          |Net: w_n449_n560#                          
  pfet_03v3/4 = 1                          |  pfet_03v3/4 = 1                          
                                           |  c/top = 4                                
                                           |                                           
(no matching net)                          |Net: VSUBS                                 
                                           |  c/bottom = 4                             
---------------------------------------------------------------------------------------
DEVICE mismatches: Class fragments follow (with node fanout counts):
Circuit 1: xm8                             |Circuit 2: xm8                             

---------------------------------------------------------------------------------------
(no matching instance)                     |Instance: c:0                              
                                           |  top = 5                                  
                                           |  bottom = 5                               
                                           |                                           
(no matching instance)                     |Instance: c:1                              
                                           |  top = 5                                  
                                           |  bottom = 5                               
                                           |                                           
(no matching instance)                     |Instance: c:2                              
                                           |  top = 5                                  
                                           |  bottom = 5                               
                                           |                                           
(no matching instance)                     |Instance: c:3                              
                                           |  top = 5                                  
                                           |  bottom = 5                               
                                           |                                           
(no matching instance)                     |Instance: c:4                              
                                           |  top = 5                                  
                                           |  bottom = 5                               
                                           |                                           
(no matching instance)                     |Instance: c:5                              
                                           |  top = 5                                  
                                           |  bottom = 5                               
                                           |                                           
(no matching instance)                     |Instance: c:6                              
                                           |  top = 5                                  
                                           |  bottom = 4                               
                                           |                                           
(no matching instance)                     |Instance: c:7                              
                                           |  top = 5                                  
                                           |  bottom = 4                               
                                           |                                           
(no matching instance)                     |Instance: c:8                              
                                           |  top = 5                                  
                                           |  bottom = 4                               
                                           |                                           
(no matching instance)                     |Instance: c:9                              
                                           |  top = 5                                  
                                           |  bottom = 4                               
---------------------------------------------------------------------------------------
Netlists do not match.
Port matching may fail to disambiguate symmetries.
  Flattening non-matched subcircuits xm8 xm8

Subcircuit summary:
Circuit 1: xmcm_chain_2                    |Circuit 2: xmcm_chain_2                    
-------------------------------------------|-------------------------------------------
nfet_03v3 (1)                              |nfet_03v3 (1)                              
(no matching element)                      |c (6)                                      
Number of devices: 1 **Mismatch**          |Number of devices: 7 **Mismatch**          
Number of nets: 4                          |Number of nets: 4                          
---------------------------------------------------------------------------------------
NET mismatches: Class fragments follow (with fanout counts):
Circuit 1: xmcm_chain_2                    |Circuit 2: xmcm_chain_2                    

---------------------------------------------------------------------------------------
Net: a_1000_n131#                          |Net: a_1000_n131#                          
  nfet_03v3/(1|3) = 1                      |  nfet_03v3/(1|3) = 1                      
                                           |  c/bottom = 2                             
                                           |  c/top = 1                                
                                           |                                           
Net: a_n1000_n339#                         |Net: a_n1000_n339#                         
  nfet_03v3/2 = 1                          |  nfet_03v3/2 = 1                          
                                           |  c/top = 3                                
                                           |                                           
Net: a_n1120_n131#                         |Net: a_n1120_n131#                         
  nfet_03v3/(1|3) = 1                      |  nfet_03v3/(1|3) = 1                      
                                           |  c/bottom = 1                             
                                           |  c/top = 2                                
                                           |                                           
Net: a_n1330_n504#                         |Net: a_n1330_n504#                         
  nfet_03v3/4 = 1                          |  nfet_03v3/4 = 1                          
                                           |  c/bottom = 3                             
---------------------------------------------------------------------------------------
DEVICE mismatches: Class fragments follow (with node fanout counts):
Circuit 1: xmcm_chain_2                    |Circuit 2: xmcm_chain_2                    

---------------------------------------------------------------------------------------
(no matching instance)                     |Instance: c:0                              
                                           |  top = 4                                  
                                           |  bottom = 4                               
                                           |                                           
(no matching instance)                     |Instance: c:1                              
                                           |  top = 4                                  
                                           |  bottom = 4                               
                                           |                                           
(no matching instance)                     |Instance: c:2                              
                                           |  top = 4                                  
                                           |  bottom = 4                               
                                           |                                           
(no matching instance)                     |Instance: c:3                              
                                           |  top = 4                                  
                                           |  bottom = 4                               
                                           |                                           
(no matching instance)                     |Instance: c:4                              
                                           |  top = 4                                  
                                           |  bottom = 4                               
                                           |                                           
(no matching instance)                     |Instance: c:5                              
                                           |  top = 4                                  
                                           |  bottom = 4                               
---------------------------------------------------------------------------------------
Netlists do not match.
Port matching may fail to disambiguate symmetries.
  Flattening non-matched subcircuits xmcm_chain_2 xmcm_chain_2

Subcircuit summary:
Circuit 1: xm16                            |Circuit 2: xm16                            
-------------------------------------------|-------------------------------------------
pfet_03v3 (1)                              |pfet_03v3 (1)                              
(no matching element)                      |c (10)                                     
Number of devices: 1 **Mismatch**          |Number of devices: 11 **Mismatch**         
Number of nets: 4 **Mismatch**             |Number of nets: 5 **Mismatch**             
---------------------------------------------------------------------------------------
NET mismatches: Class fragments follow (with fanout counts):
Circuit 1: xm16                            |Circuit 2: xm16                            

---------------------------------------------------------------------------------------
Net: a_280_n1101#                          |Net: a_280_n1101#                          
  pfet_03v3/(1|3) = 1                      |  pfet_03v3/(1|3) = 1                      
                                           |  c/top = 2                                
                                           |  c/bottom = 2                             
                                           |                                           
Net: a_n400_n1101#                         |Net: a_n400_n1101#                         
  pfet_03v3/(1|3) = 1                      |  pfet_03v3/(1|3) = 1                      
                                           |  c/bottom = 3                             
                                           |  c/top = 1                                
                                           |                                           
Net: a_n280_n1309#                         |Net: a_n280_n1309#                         
  pfet_03v3/2 = 1                          |  pfet_03v3/2 = 1                          
                                           |  c/bottom = 1                             
                                           |  c/top = 3                                
                                           |                                           
Net: w_n666_n1529#                         |Net: w_n666_n1529#                         
  pfet_03v3/4 = 1                          |  pfet_03v3/4 = 1                          
                                           |  c/top = 4                                
                                           |                                           
(no matching net)                          |Net: VSUBS                                 
                                           |  c/bottom = 4                             
---------------------------------------------------------------------------------------
DEVICE mismatches: Class fragments follow (with node fanout counts):
Circuit 1: xm16                            |Circuit 2: xm16                            

---------------------------------------------------------------------------------------
(no matching instance)                     |Instance: c:0                              
                                           |  top = 5                                  
                                           |  bottom = 5                               
                                           |                                           
(no matching instance)                     |Instance: c:1                              
                                           |  top = 5                                  
                                           |  bottom = 5                               
                                           |                                           
(no matching instance)                     |Instance: c:2                              
                                           |  top = 5                                  
                                           |  bottom = 5                               
                                           |                                           
(no matching instance)                     |Instance: c:3                              
                                           |  top = 5                                  
                                           |  bottom = 5                               
                                           |                                           
(no matching instance)                     |Instance: c:4                              
                                           |  top = 5                                  
                                           |  bottom = 5                               
                                           |                                           
(no matching instance)                     |Instance: c:5                              
                                           |  top = 5                                  
                                           |  bottom = 5                               
                                           |                                           
(no matching instance)                     |Instance: c:6                              
                                           |  top = 5                                  
                                           |  bottom = 4                               
                                           |                                           
(no matching instance)                     |Instance: c:7                              
                                           |  top = 5                                  
                                           |  bottom = 4                               
                                           |                                           
(no matching instance)                     |Instance: c:8                              
                                           |  top = 5                                  
                                           |  bottom = 4                               
                                           |                                           
(no matching instance)                     |Instance: c:9                              
                                           |  top = 5                                  
                                           |  bottom = 4                               
---------------------------------------------------------------------------------------
Netlists do not match.
Port matching may fail to disambiguate symmetries.
  Flattening non-matched subcircuits xm16 xm16

Subcircuit summary:
Circuit 1: xmcm_chain_0                    |Circuit 2: xmcm_chain_0                    
-------------------------------------------|-------------------------------------------
nfet_03v3 (1)                              |nfet_03v3 (1)                              
(no matching element)                      |c (6)                                      
Number of devices: 1 **Mismatch**          |Number of devices: 7 **Mismatch**          
Number of nets: 4                          |Number of nets: 4                          
---------------------------------------------------------------------------------------
NET mismatches: Class fragments follow (with fanout counts):
Circuit 1: xmcm_chain_0                    |Circuit 2: xmcm_chain_0                    

---------------------------------------------------------------------------------------
Net: a_1000_n131#                          |Net: a_1000_n131#                          
  nfet_03v3/(1|3) = 1                      |  nfet_03v3/(1|3) = 1                      
                                           |  c/bottom = 2                             
                                           |  c/top = 1                                
                                           |                                           
Net: a_n1000_n339#                         |Net: a_n1000_n339#                         
  nfet_03v3/2 = 1                          |  nfet_03v3/2 = 1                          
                                           |  c/top = 3                                
                                           |                                           
Net: a_n1120_n131#                         |Net: a_n1120_n131#                         
  nfet_03v3/(1|3) = 1                      |  nfet_03v3/(1|3) = 1                      
                                           |  c/bottom = 1                             
                                           |  c/top = 2                                
                                           |                                           
Net: a_n1330_n504#                         |Net: a_n1330_n504#                         
  nfet_03v3/4 = 1                          |  nfet_03v3/4 = 1                          
                                           |  c/bottom = 3                             
---------------------------------------------------------------------------------------
DEVICE mismatches: Class fragments follow (with node fanout counts):
Circuit 1: xmcm_chain_0                    |Circuit 2: xmcm_chain_0                    

---------------------------------------------------------------------------------------
(no matching instance)                     |Instance: c:0                              
                                           |  top = 4                                  
                                           |  bottom = 4                               
                                           |                                           
(no matching instance)                     |Instance: c:1                              
                                           |  top = 4                                  
                                           |  bottom = 4                               
                                           |                                           
(no matching instance)                     |Instance: c:2                              
                                           |  top = 4                                  
                                           |  bottom = 4                               
                                           |                                           
(no matching instance)                     |Instance: c:3                              
                                           |  top = 4                                  
                                           |  bottom = 4                               
                                           |                                           
(no matching instance)                     |Instance: c:4                              
                                           |  top = 4                                  
                                           |  bottom = 4                               
                                           |                                           
(no matching instance)                     |Instance: c:5                              
                                           |  top = 4                                  
                                           |  bottom = 4                               
---------------------------------------------------------------------------------------
Netlists do not match.
Port matching may fail to disambiguate symmetries.
  Flattening non-matched subcircuits xmcm_chain_0 xmcm_chain_0

Class cw (0):  Merged 9 parallel devices.
Class cw (1):  Merged 9 parallel devices.
Subcircuit summary:
Circuit 1: cw                              |Circuit 2: cw                              
-------------------------------------------|-------------------------------------------
cap_mim_2f0_m4m5_noshield (10->1)          |cap_mim_2f0_m4m5_noshield (10->1)          
(no matching element)                      |c (3)                                      
Number of devices: 1 **Mismatch**          |Number of devices: 4 **Mismatch**          
Number of nets: 2 **Mismatch**             |Number of nets: 3 **Mismatch**             
---------------------------------------------------------------------------------------
NET mismatches: Class fragments follow (with fanout counts):
Circuit 1: cw                              |Circuit 2: cw                              

---------------------------------------------------------------------------------------
Net: m4_n500_n500#                         |Net: m4_n500_n500#                         
  cap_mim_2f0_m4m5_noshield/1 = 1          |  cap_mim_2f0_m4m5_noshield/1 = 1          
                                           |  c/bottom = 1                             
                                           |  c/top = 1                                
                                           |                                           
Net: m4_n700_n700#                         |Net: m4_n700_n700#                         
  cap_mim_2f0_m4m5_noshield/2 = 1          |  cap_mim_2f0_m4m5_noshield/2 = 1          
                                           |  c/top = 2                                
                                           |                                           
(no matching net)                          |Net: VSUBS                                 
                                           |  c/bottom = 2                             
---------------------------------------------------------------------------------------
DEVICE mismatches: Class fragments follow (with node fanout counts):
Circuit 1: cw                              |Circuit 2: cw                              

---------------------------------------------------------------------------------------
(no matching instance)                     |Instance: c:0                              
                                           |  top = 3                                  
                                           |  bottom = 3                               
                                           |                                           
(no matching instance)                     |Instance: c:1                              
                                           |  top = 3                                  
                                           |  bottom = 2                               
                                           |                                           
(no matching instance)                     |Instance: c:2                              
                                           |  top = 3                                  
                                           |  bottom = 2                               
---------------------------------------------------------------------------------------
Netlists do not match.
Port matching may fail to disambiguate symmetries.
  Flattening non-matched subcircuits cw cw

Subcircuit summary:
Circuit 1: xm4                             |Circuit 2: xm4                             
-------------------------------------------|-------------------------------------------
nfet_03v3 (1)                              |nfet_03v3 (1)                              
(no matching element)                      |c (6)                                      
Number of devices: 1 **Mismatch**          |Number of devices: 7 **Mismatch**          
Number of nets: 4                          |Number of nets: 4                          
---------------------------------------------------------------------------------------
NET mismatches: Class fragments follow (with fanout counts):
Circuit 1: xm4                             |Circuit 2: xm4                             

---------------------------------------------------------------------------------------
Net: a_63_n131#                            |Net: a_63_n131#                            
  nfet_03v3/(1|3) = 1                      |  nfet_03v3/(1|3) = 1                      
                                           |  c/bottom = 2                             
                                           |  c/top = 1                                
                                           |                                           
Net: a_n63_n339#                           |Net: a_n63_n339#                           
  nfet_03v3/2 = 1                          |  nfet_03v3/2 = 1                          
                                           |  c/top = 3                                
                                           |                                           
Net: a_n183_n131#                          |Net: a_n183_n131#                          
  nfet_03v3/(1|3) = 1                      |  nfet_03v3/(1|3) = 1                      
                                           |  c/bottom = 1                             
                                           |  c/top = 2                                
                                           |                                           
Net: a_n393_n504#                          |Net: a_n393_n504#                          
  nfet_03v3/4 = 1                          |  nfet_03v3/4 = 1                          
                                           |  c/bottom = 3                             
---------------------------------------------------------------------------------------
DEVICE mismatches: Class fragments follow (with node fanout counts):
Circuit 1: xm4                             |Circuit 2: xm4                             

---------------------------------------------------------------------------------------
(no matching instance)                     |Instance: c:0                              
                                           |  top = 4                                  
                                           |  bottom = 4                               
                                           |                                           
(no matching instance)                     |Instance: c:1                              
                                           |  top = 4                                  
                                           |  bottom = 4                               
                                           |                                           
(no matching instance)                     |Instance: c:2                              
                                           |  top = 4                                  
                                           |  bottom = 4                               
                                           |                                           
(no matching instance)                     |Instance: c:3                              
                                           |  top = 4                                  
                                           |  bottom = 4                               
                                           |                                           
(no matching instance)                     |Instance: c:4                              
                                           |  top = 4                                  
                                           |  bottom = 4                               
                                           |                                           
(no matching instance)                     |Instance: c:5                              
                                           |  top = 4                                  
                                           |  bottom = 4                               
---------------------------------------------------------------------------------------
Netlists do not match.
Port matching may fail to disambiguate symmetries.
  Flattening non-matched subcircuits xm4 xm4

Subcircuit summary:
Circuit 1: xm12                            |Circuit 2: xm12                            
-------------------------------------------|-------------------------------------------
nfet_03v3 (1)                              |nfet_03v3 (1)                              
(no matching element)                      |c (6)                                      
Number of devices: 1 **Mismatch**          |Number of devices: 7 **Mismatch**          
Number of nets: 4                          |Number of nets: 4                          
---------------------------------------------------------------------------------------
NET mismatches: Class fragments follow (with fanout counts):
Circuit 1: xm12                            |Circuit 2: xm12                            

---------------------------------------------------------------------------------------
Net: a_63_n131#                            |Net: a_63_n131#                            
  nfet_03v3/(1|3) = 1                      |  nfet_03v3/(1|3) = 1                      
                                           |  c/bottom = 2                             
                                           |  c/top = 1                                
                                           |                                           
Net: a_n63_n339#                           |Net: a_n63_n339#                           
  nfet_03v3/2 = 1                          |  nfet_03v3/2 = 1                          
                                           |  c/top = 3                                
                                           |                                           
Net: a_n183_n131#                          |Net: a_n183_n131#                          
  nfet_03v3/(1|3) = 1                      |  nfet_03v3/(1|3) = 1                      
                                           |  c/bottom = 1                             
                                           |  c/top = 2                                
                                           |                                           
Net: a_n393_n504#                          |Net: a_n393_n504#                          
  nfet_03v3/4 = 1                          |  nfet_03v3/4 = 1                          
                                           |  c/bottom = 3                             
---------------------------------------------------------------------------------------
DEVICE mismatches: Class fragments follow (with node fanout counts):
Circuit 1: xm12                            |Circuit 2: xm12                            

---------------------------------------------------------------------------------------
(no matching instance)                     |Instance: c:0                              
                                           |  top = 4                                  
                                           |  bottom = 4                               
                                           |                                           
(no matching instance)                     |Instance: c:1                              
                                           |  top = 4                                  
                                           |  bottom = 4                               
                                           |                                           
(no matching instance)                     |Instance: c:2                              
                                           |  top = 4                                  
                                           |  bottom = 4                               
                                           |                                           
(no matching instance)                     |Instance: c:3                              
                                           |  top = 4                                  
                                           |  bottom = 4                               
                                           |                                           
(no matching instance)                     |Instance: c:4                              
                                           |  top = 4                                  
                                           |  bottom = 4                               
                                           |                                           
(no matching instance)                     |Instance: c:5                              
                                           |  top = 4                                  
                                           |  bottom = 4                               
---------------------------------------------------------------------------------------
Netlists do not match.
Port matching may fail to disambiguate symmetries.
  Flattening non-matched subcircuits xm12 xm12

Subcircuit summary:
Circuit 1: xm2                             |Circuit 2: xm2                             
-------------------------------------------|-------------------------------------------
pfet_03v3 (1)                              |pfet_03v3 (1)                              
(no matching element)                      |c (10)                                     
Number of devices: 1 **Mismatch**          |Number of devices: 11 **Mismatch**         
Number of nets: 4 **Mismatch**             |Number of nets: 5 **Mismatch**             
---------------------------------------------------------------------------------------
NET mismatches: Class fragments follow (with fanout counts):
Circuit 1: xm2                             |Circuit 2: xm2                             

---------------------------------------------------------------------------------------
Net: a_63_n131#                            |Net: a_63_n131#                            
  pfet_03v3/(1|3) = 1                      |  pfet_03v3/(1|3) = 1                      
                                           |  c/top = 2                                
                                           |  c/bottom = 2                             
                                           |                                           
Net: a_n183_n131#                          |Net: a_n183_n131#                          
  pfet_03v3/(1|3) = 1                      |  pfet_03v3/(1|3) = 1                      
                                           |  c/bottom = 3                             
                                           |  c/top = 1                                
                                           |                                           
Net: a_n63_n339#                           |Net: a_n63_n339#                           
  pfet_03v3/2 = 1                          |  pfet_03v3/2 = 1                          
                                           |  c/bottom = 1                             
                                           |  c/top = 3                                
                                           |                                           
Net: w_n449_n560#                          |Net: w_n449_n560#                          
  pfet_03v3/4 = 1                          |  pfet_03v3/4 = 1                          
                                           |  c/top = 4                                
                                           |                                           
(no matching net)                          |Net: VSUBS                                 
                                           |  c/bottom = 4                             
---------------------------------------------------------------------------------------
DEVICE mismatches: Class fragments follow (with node fanout counts):
Circuit 1: xm2                             |Circuit 2: xm2                             

---------------------------------------------------------------------------------------
(no matching instance)                     |Instance: c:0                              
                                           |  top = 5                                  
                                           |  bottom = 5                               
                                           |                                           
(no matching instance)                     |Instance: c:1                              
                                           |  top = 5                                  
                                           |  bottom = 5                               
                                           |                                           
(no matching instance)                     |Instance: c:2                              
                                           |  top = 5                                  
                                           |  bottom = 5                               
                                           |                                           
(no matching instance)                     |Instance: c:3                              
                                           |  top = 5                                  
                                           |  bottom = 5                               
                                           |                                           
(no matching instance)                     |Instance: c:4                              
                                           |  top = 5                                  
                                           |  bottom = 5                               
                                           |                                           
(no matching instance)                     |Instance: c:5                              
                                           |  top = 5                                  
                                           |  bottom = 5                               
                                           |                                           
(no matching instance)                     |Instance: c:6                              
                                           |  top = 5                                  
                                           |  bottom = 4                               
                                           |                                           
(no matching instance)                     |Instance: c:7                              
                                           |  top = 5                                  
                                           |  bottom = 4                               
                                           |                                           
(no matching instance)                     |Instance: c:8                              
                                           |  top = 5                                  
                                           |  bottom = 4                               
                                           |                                           
(no matching instance)                     |Instance: c:9                              
                                           |  top = 5                                  
                                           |  bottom = 4                               
---------------------------------------------------------------------------------------
Netlists do not match.
Port matching may fail to disambiguate symmetries.
  Flattening non-matched subcircuits xm2 xm2

Class cdep (0):  Merged 1 parallel devices.
Class cdep (1):  Merged 1 parallel devices.
Subcircuit summary:
Circuit 1: cdep                            |Circuit 2: cdep                            
-------------------------------------------|-------------------------------------------
cap_mim_2f0_m4m5_noshield (2->1)           |cap_mim_2f0_m4m5_noshield (2->1)           
(no matching element)                      |c (3)                                      
Number of devices: 1 **Mismatch**          |Number of devices: 4 **Mismatch**          
Number of nets: 2 **Mismatch**             |Number of nets: 3 **Mismatch**             
---------------------------------------------------------------------------------------
NET mismatches: Class fragments follow (with fanout counts):
Circuit 1: cdep                            |Circuit 2: cdep                            

---------------------------------------------------------------------------------------
Net: m4_n500_n500#                         |Net: m4_n500_n500#                         
  cap_mim_2f0_m4m5_noshield/1 = 1          |  cap_mim_2f0_m4m5_noshield/1 = 1          
                                           |  c/bottom = 1                             
                                           |  c/top = 1                                
                                           |                                           
Net: m4_n700_n700#                         |Net: m4_n700_n700#                         
  cap_mim_2f0_m4m5_noshield/2 = 1          |  cap_mim_2f0_m4m5_noshield/2 = 1          
                                           |  c/top = 2                                
                                           |                                           
(no matching net)                          |Net: VSUBS                                 
                                           |  c/bottom = 2                             
---------------------------------------------------------------------------------------
DEVICE mismatches: Class fragments follow (with node fanout counts):
Circuit 1: cdep                            |Circuit 2: cdep                            

---------------------------------------------------------------------------------------
(no matching instance)                     |Instance: c:0                              
                                           |  top = 3                                  
                                           |  bottom = 3                               
                                           |                                           
(no matching instance)                     |Instance: c:1                              
                                           |  top = 3                                  
                                           |  bottom = 2                               
                                           |                                           
(no matching instance)                     |Instance: c:2                              
                                           |  top = 3                                  
                                           |  bottom = 2                               
---------------------------------------------------------------------------------------
Netlists do not match.
Port matching may fail to disambiguate symmetries.
  Flattening non-matched subcircuits cdep cdep

Subcircuit summary:
Circuit 1: xmcm_1                          |Circuit 2: xmcm_1                          
-------------------------------------------|-------------------------------------------
nfet_03v3 (1)                              |nfet_03v3 (1)                              
(no matching element)                      |c (6)                                      
Number of devices: 1 **Mismatch**          |Number of devices: 7 **Mismatch**          
Number of nets: 4                          |Number of nets: 4                          
---------------------------------------------------------------------------------------
NET mismatches: Class fragments follow (with fanout counts):
Circuit 1: xmcm_1                          |Circuit 2: xmcm_1                          

---------------------------------------------------------------------------------------
Net: a_280_n141#                           |Net: a_280_n141#                           
  nfet_03v3/(1|3) = 1                      |  nfet_03v3/(1|3) = 1                      
                                           |  c/bottom = 2                             
                                           |  c/top = 1                                
                                           |                                           
Net: a_n280_n350#                          |Net: a_n280_n350#                          
  nfet_03v3/2 = 1                          |  nfet_03v3/2 = 1                          
                                           |  c/top = 3                                
                                           |                                           
Net: a_n400_n141#                          |Net: a_n400_n141#                          
  nfet_03v3/(1|3) = 1                      |  nfet_03v3/(1|3) = 1                      
                                           |  c/bottom = 1                             
                                           |  c/top = 2                                
                                           |                                           
Net: a_n610_n515#                          |Net: a_n610_n515#                          
  nfet_03v3/4 = 1                          |  nfet_03v3/4 = 1                          
                                           |  c/bottom = 3                             
---------------------------------------------------------------------------------------
DEVICE mismatches: Class fragments follow (with node fanout counts):
Circuit 1: xmcm_1                          |Circuit 2: xmcm_1                          

---------------------------------------------------------------------------------------
(no matching instance)                     |Instance: c:0                              
                                           |  top = 4                                  
                                           |  bottom = 4                               
                                           |                                           
(no matching instance)                     |Instance: c:1                              
                                           |  top = 4                                  
                                           |  bottom = 4                               
                                           |                                           
(no matching instance)                     |Instance: c:2                              
                                           |  top = 4                                  
                                           |  bottom = 4                               
                                           |                                           
(no matching instance)                     |Instance: c:3                              
                                           |  top = 4                                  
                                           |  bottom = 4                               
                                           |                                           
(no matching instance)                     |Instance: c:4                              
                                           |  top = 4                                  
                                           |  bottom = 4                               
                                           |                                           
(no matching instance)                     |Instance: c:5                              
                                           |  top = 4                                  
                                           |  bottom = 4                               
---------------------------------------------------------------------------------------
Netlists do not match.
Port matching may fail to disambiguate symmetries.
  Flattening non-matched subcircuits xmcm_1 xmcm_1

Subcircuit summary:
Circuit 1: xm9                             |Circuit 2: xm9                             
-------------------------------------------|-------------------------------------------
nfet_03v3 (1)                              |nfet_03v3 (1)                              
(no matching element)                      |c (6)                                      
Number of devices: 1 **Mismatch**          |Number of devices: 7 **Mismatch**          
Number of nets: 4                          |Number of nets: 4                          
---------------------------------------------------------------------------------------
NET mismatches: Class fragments follow (with fanout counts):
Circuit 1: xm9                             |Circuit 2: xm9                             

---------------------------------------------------------------------------------------
Net: a_63_n131#                            |Net: a_63_n131#                            
  nfet_03v3/(1|3) = 1                      |  nfet_03v3/(1|3) = 1                      
                                           |  c/bottom = 2                             
                                           |  c/top = 1                                
                                           |                                           
Net: a_n63_n339#                           |Net: a_n63_n339#                           
  nfet_03v3/2 = 1                          |  nfet_03v3/2 = 1                          
                                           |  c/top = 3                                
                                           |                                           
Net: a_n183_n131#                          |Net: a_n183_n131#                          
  nfet_03v3/(1|3) = 1                      |  nfet_03v3/(1|3) = 1                      
                                           |  c/bottom = 1                             
                                           |  c/top = 2                                
                                           |                                           
Net: a_n393_n504#                          |Net: a_n393_n504#                          
  nfet_03v3/4 = 1                          |  nfet_03v3/4 = 1                          
                                           |  c/bottom = 3                             
---------------------------------------------------------------------------------------
DEVICE mismatches: Class fragments follow (with node fanout counts):
Circuit 1: xm9                             |Circuit 2: xm9                             

---------------------------------------------------------------------------------------
(no matching instance)                     |Instance: c:0                              
                                           |  top = 4                                  
                                           |  bottom = 4                               
                                           |                                           
(no matching instance)                     |Instance: c:1                              
                                           |  top = 4                                  
                                           |  bottom = 4                               
                                           |                                           
(no matching instance)                     |Instance: c:2                              
                                           |  top = 4                                  
                                           |  bottom = 4                               
                                           |                                           
(no matching instance)                     |Instance: c:3                              
                                           |  top = 4                                  
                                           |  bottom = 4                               
                                           |                                           
(no matching instance)                     |Instance: c:4                              
                                           |  top = 4                                  
                                           |  bottom = 4                               
                                           |                                           
(no matching instance)                     |Instance: c:5                              
                                           |  top = 4                                  
                                           |  bottom = 4                               
---------------------------------------------------------------------------------------
Netlists do not match.
Port matching may fail to disambiguate symmetries.
  Flattening non-matched subcircuits xm9 xm9

Subcircuit summary:
Circuit 1: xmcm_chain_3                    |Circuit 2: xmcm_chain_3                    
-------------------------------------------|-------------------------------------------
nfet_03v3 (1)                              |nfet_03v3 (1)                              
(no matching element)                      |c (6)                                      
Number of devices: 1 **Mismatch**          |Number of devices: 7 **Mismatch**          
Number of nets: 4                          |Number of nets: 4                          
---------------------------------------------------------------------------------------
NET mismatches: Class fragments follow (with fanout counts):
Circuit 1: xmcm_chain_3                    |Circuit 2: xmcm_chain_3                    

---------------------------------------------------------------------------------------
Net: a_1000_n131#                          |Net: a_1000_n131#                          
  nfet_03v3/(1|3) = 1                      |  nfet_03v3/(1|3) = 1                      
                                           |  c/bottom = 2                             
                                           |  c/top = 1                                
                                           |                                           
Net: a_n1000_n339#                         |Net: a_n1000_n339#                         
  nfet_03v3/2 = 1                          |  nfet_03v3/2 = 1                          
                                           |  c/top = 3                                
                                           |                                           
Net: a_n1120_n131#                         |Net: a_n1120_n131#                         
  nfet_03v3/(1|3) = 1                      |  nfet_03v3/(1|3) = 1                      
                                           |  c/bottom = 1                             
                                           |  c/top = 2                                
                                           |                                           
Net: a_n1330_n504#                         |Net: a_n1330_n504#                         
  nfet_03v3/4 = 1                          |  nfet_03v3/4 = 1                          
                                           |  c/bottom = 3                             
---------------------------------------------------------------------------------------
DEVICE mismatches: Class fragments follow (with node fanout counts):
Circuit 1: xmcm_chain_3                    |Circuit 2: xmcm_chain_3                    

---------------------------------------------------------------------------------------
(no matching instance)                     |Instance: c:0                              
                                           |  top = 4                                  
                                           |  bottom = 4                               
                                           |                                           
(no matching instance)                     |Instance: c:1                              
                                           |  top = 4                                  
                                           |  bottom = 4                               
                                           |                                           
(no matching instance)                     |Instance: c:2                              
                                           |  top = 4                                  
                                           |  bottom = 4                               
                                           |                                           
(no matching instance)                     |Instance: c:3                              
                                           |  top = 4                                  
                                           |  bottom = 4                               
                                           |                                           
(no matching instance)                     |Instance: c:4                              
                                           |  top = 4                                  
                                           |  bottom = 4                               
                                           |                                           
(no matching instance)                     |Instance: c:5                              
                                           |  top = 4                                  
                                           |  bottom = 4                               
---------------------------------------------------------------------------------------
Netlists do not match.
Port matching may fail to disambiguate symmetries.
  Flattening non-matched subcircuits xmcm_chain_3 xmcm_chain_3

Subcircuit summary:
Circuit 1: xm17                            |Circuit 2: xm17                            
-------------------------------------------|-------------------------------------------
pfet_03v3 (1)                              |pfet_03v3 (1)                              
(no matching element)                      |c (10)                                     
Number of devices: 1 **Mismatch**          |Number of devices: 11 **Mismatch**         
Number of nets: 4 **Mismatch**             |Number of nets: 5 **Mismatch**             
---------------------------------------------------------------------------------------
NET mismatches: Class fragments follow (with fanout counts):
Circuit 1: xm17                            |Circuit 2: xm17                            

---------------------------------------------------------------------------------------
Net: a_460_n131#                           |Net: a_460_n131#                           
  pfet_03v3/(1|3) = 1                      |  pfet_03v3/(1|3) = 1                      
                                           |  c/top = 2                                
                                           |  c/bottom = 2                             
                                           |                                           
Net: a_n580_n131#                          |Net: a_n580_n131#                          
  pfet_03v3/(1|3) = 1                      |  pfet_03v3/(1|3) = 1                      
                                           |  c/bottom = 3                             
                                           |  c/top = 1                                
                                           |                                           
Net: a_n460_n339#                          |Net: a_n460_n339#                          
  pfet_03v3/2 = 1                          |  pfet_03v3/2 = 1                          
                                           |  c/bottom = 1                             
                                           |  c/top = 3                                
                                           |                                           
Net: w_n846_n560#                          |Net: w_n846_n560#                          
  pfet_03v3/4 = 1                          |  pfet_03v3/4 = 1                          
                                           |  c/top = 4                                
                                           |                                           
(no matching net)                          |Net: VSUBS                                 
                                           |  c/bottom = 4                             
---------------------------------------------------------------------------------------
DEVICE mismatches: Class fragments follow (with node fanout counts):
Circuit 1: xm17                            |Circuit 2: xm17                            

---------------------------------------------------------------------------------------
(no matching instance)                     |Instance: c:0                              
                                           |  top = 5                                  
                                           |  bottom = 5                               
                                           |                                           
(no matching instance)                     |Instance: c:1                              
                                           |  top = 5                                  
                                           |  bottom = 5                               
                                           |                                           
(no matching instance)                     |Instance: c:2                              
                                           |  top = 5                                  
                                           |  bottom = 5                               
                                           |                                           
(no matching instance)                     |Instance: c:3                              
                                           |  top = 5                                  
                                           |  bottom = 5                               
                                           |                                           
(no matching instance)                     |Instance: c:4                              
                                           |  top = 5                                  
                                           |  bottom = 5                               
                                           |                                           
(no matching instance)                     |Instance: c:5                              
                                           |  top = 5                                  
                                           |  bottom = 5                               
                                           |                                           
(no matching instance)                     |Instance: c:6                              
                                           |  top = 5                                  
                                           |  bottom = 4                               
                                           |                                           
(no matching instance)                     |Instance: c:7                              
                                           |  top = 5                                  
                                           |  bottom = 4                               
                                           |                                           
(no matching instance)                     |Instance: c:8                              
                                           |  top = 5                                  
                                           |  bottom = 4                               
                                           |                                           
(no matching instance)                     |Instance: c:9                              
                                           |  top = 5                                  
                                           |  bottom = 4                               
---------------------------------------------------------------------------------------
Netlists do not match.
Port matching may fail to disambiguate symmetries.
  Flattening non-matched subcircuits xm17 xm17

Subcircuit summary:
Circuit 1: xm7                             |Circuit 2: xm7                             
-------------------------------------------|-------------------------------------------
pfet_03v3 (1)                              |pfet_03v3 (1)                              
(no matching element)                      |c (10)                                     
Number of devices: 1 **Mismatch**          |Number of devices: 11 **Mismatch**         
Number of nets: 4 **Mismatch**             |Number of nets: 5 **Mismatch**             
---------------------------------------------------------------------------------------
NET mismatches: Class fragments follow (with fanout counts):
Circuit 1: xm7                             |Circuit 2: xm7                             

---------------------------------------------------------------------------------------
Net: a_63_n131#                            |Net: a_63_n131#                            
  pfet_03v3/(1|3) = 1                      |  pfet_03v3/(1|3) = 1                      
                                           |  c/top = 2                                
                                           |  c/bottom = 2                             
                                           |                                           
Net: a_n183_n131#                          |Net: a_n183_n131#                          
  pfet_03v3/(1|3) = 1                      |  pfet_03v3/(1|3) = 1                      
                                           |  c/bottom = 3                             
                                           |  c/top = 1                                
                                           |                                           
Net: a_n63_n339#                           |Net: a_n63_n339#                           
  pfet_03v3/2 = 1                          |  pfet_03v3/2 = 1                          
                                           |  c/bottom = 1                             
                                           |  c/top = 3                                
                                           |                                           
Net: w_n449_n560#                          |Net: w_n449_n560#                          
  pfet_03v3/4 = 1                          |  pfet_03v3/4 = 1                          
                                           |  c/top = 4                                
                                           |                                           
(no matching net)                          |Net: VSUBS                                 
                                           |  c/bottom = 4                             
---------------------------------------------------------------------------------------
DEVICE mismatches: Class fragments follow (with node fanout counts):
Circuit 1: xm7                             |Circuit 2: xm7                             

---------------------------------------------------------------------------------------
(no matching instance)                     |Instance: c:0                              
                                           |  top = 5                                  
                                           |  bottom = 5                               
                                           |                                           
(no matching instance)                     |Instance: c:1                              
                                           |  top = 5                                  
                                           |  bottom = 5                               
                                           |                                           
(no matching instance)                     |Instance: c:2                              
                                           |  top = 5                                  
                                           |  bottom = 5                               
                                           |                                           
(no matching instance)                     |Instance: c:3                              
                                           |  top = 5                                  
                                           |  bottom = 5                               
                                           |                                           
(no matching instance)                     |Instance: c:4                              
                                           |  top = 5                                  
                                           |  bottom = 5                               
                                           |                                           
(no matching instance)                     |Instance: c:5                              
                                           |  top = 5                                  
                                           |  bottom = 5                               
                                           |                                           
(no matching instance)                     |Instance: c:6                              
                                           |  top = 5                                  
                                           |  bottom = 4                               
                                           |                                           
(no matching instance)                     |Instance: c:7                              
                                           |  top = 5                                  
                                           |  bottom = 4                               
                                           |                                           
(no matching instance)                     |Instance: c:8                              
                                           |  top = 5                                  
                                           |  bottom = 4                               
                                           |                                           
(no matching instance)                     |Instance: c:9                              
                                           |  top = 5                                  
                                           |  bottom = 4                               
---------------------------------------------------------------------------------------
Netlists do not match.
Port matching may fail to disambiguate symmetries.
  Flattening non-matched subcircuits xm7 xm7

Subcircuit summary:
Circuit 1: xmcm_chain_1                    |Circuit 2: xmcm_chain_1                    
-------------------------------------------|-------------------------------------------
nfet_03v3 (1)                              |nfet_03v3 (1)                              
(no matching element)                      |c (6)                                      
Number of devices: 1 **Mismatch**          |Number of devices: 7 **Mismatch**          
Number of nets: 4                          |Number of nets: 4                          
---------------------------------------------------------------------------------------
NET mismatches: Class fragments follow (with fanout counts):
Circuit 1: xmcm_chain_1                    |Circuit 2: xmcm_chain_1                    

---------------------------------------------------------------------------------------
Net: a_1000_n131#                          |Net: a_1000_n131#                          
  nfet_03v3/(1|3) = 1                      |  nfet_03v3/(1|3) = 1                      
                                           |  c/bottom = 2                             
                                           |  c/top = 1                                
                                           |                                           
Net: a_n1000_n339#                         |Net: a_n1000_n339#                         
  nfet_03v3/2 = 1                          |  nfet_03v3/2 = 1                          
                                           |  c/top = 3                                
                                           |                                           
Net: a_n1120_n131#                         |Net: a_n1120_n131#                         
  nfet_03v3/(1|3) = 1                      |  nfet_03v3/(1|3) = 1                      
                                           |  c/bottom = 1                             
                                           |  c/top = 2                                
                                           |                                           
Net: a_n1330_n504#                         |Net: a_n1330_n504#                         
  nfet_03v3/4 = 1                          |  nfet_03v3/4 = 1                          
                                           |  c/bottom = 3                             
---------------------------------------------------------------------------------------
DEVICE mismatches: Class fragments follow (with node fanout counts):
Circuit 1: xmcm_chain_1                    |Circuit 2: xmcm_chain_1                    

---------------------------------------------------------------------------------------
(no matching instance)                     |Instance: c:0                              
                                           |  top = 4                                  
                                           |  bottom = 4                               
                                           |                                           
(no matching instance)                     |Instance: c:1                              
                                           |  top = 4                                  
                                           |  bottom = 4                               
                                           |                                           
(no matching instance)                     |Instance: c:2                              
                                           |  top = 4                                  
                                           |  bottom = 4                               
                                           |                                           
(no matching instance)                     |Instance: c:3                              
                                           |  top = 4                                  
                                           |  bottom = 4                               
                                           |                                           
(no matching instance)                     |Instance: c:4                              
                                           |  top = 4                                  
                                           |  bottom = 4                               
                                           |                                           
(no matching instance)                     |Instance: c:5                              
                                           |  top = 4                                  
                                           |  bottom = 4                               
---------------------------------------------------------------------------------------
Netlists do not match.
Port matching may fail to disambiguate symmetries.
  Flattening non-matched subcircuits xmcm_chain_1 xmcm_chain_1
Flattening unmatched subcell unitcap in circuit stdp (1)(14 instances)

Class stdp (1):  Merged 11 parallel devices.
Subcircuit summary:
Circuit 1: stdp                            |Circuit 2: stdp                            
-------------------------------------------|-------------------------------------------
pfet_03v3 (7)                              |pfet_03v3 (7)                              
nfet_03v3 (10)                             |nfet_03v3 (10)                             
cap_mim_2f0_m4m5_noshield (14->3)          |cap_mim_2f0_m4m5_noshield (14->3)          
Number of devices: 20                      |Number of devices: 20                      
Number of nets: 23                         |Number of nets: 23                         
---------------------------------------------------------------------------------------
Netlists match uniquely.

Subcircuit pins:
Circuit 1: stdp                            |Circuit 2: stdp                            
-------------------------------------------|-------------------------------------------
vb_itd                                     |vb_itd                                     
avss                                       |avss                                       
vpre                                       |vpre                                       
nvpost                                     |nvpost                                     
nvpre                                      |nvpre                                      
vpost                                      |vpost                                      
vb_pot                                     |vb_pot                                     
vb_itp                                     |vb_itp                                     
vb_idep                                    |vb_idep                                    
Iout                                       |iout                                       
avdd                                       |avdd                                       
vw                                         |vw                                         
---------------------------------------------------------------------------------------
Cell pin lists are equivalent.
Device classes stdp and stdp are equivalent.

Final result: Circuits match uniquely.
.
